,SD,SV,TD,TV,S_index,T_index
0,東區,成大里,北區,公園里,202,40
1,東區,成大里,北區,中樓里,202,36
2,東區,成大里,東區,大學里,202,182
3,東區,成大里,中西區,赤嵌里,202,17
4,東區,成大里,東區,中西里,202,176
5,東區,成大里,東區,圍下里,202,180
6,東區,成大里,中西區,城隍里,202,6
7,東區,成大里,北區,仁愛里,202,37
8,北區,公園里,北區,中樓里,40,36
9,北區,公園里,中西區,赤嵌里,40,17
10,北區,公園里,北區,北華里,40,42
11,北區,公園里,北區,長興里,40,66
12,北區,公園里,北區,大興里,40,49
13,北區,中樓里,北區,長勝里,36,65
14,北區,中樓里,北區,大興里,36,49
15,北區,中樓里,北區,仁愛里,36,37
16,北區,中樓里,北區,振興里,36,54
17,北區,賢北里,北區,大豐里,63,50
18,北區,賢北里,北區,大港里,63,48
19,北區,賢北里,中西區,西湖里,63,15
20,北區,賢北里,中西區,西賢里,63,16
21,北區,大豐里,北區,大港里,50,48
22,北區,大豐里,北區,大和里,50,47
23,北區,大豐里,北區,文成里,50,56
24,北區,大豐里,中西區,西湖里,50,15
25,北區,大豐里,中西區,西和里,50,14
26,北區,大豐里,北區,元美里,50,39
27,北區,大豐里,中西區,光賢里,50,1
28,北區,大港里,北區,大和里,48,47
29,北區,大港里,安南區,海南里,48,138
30,北區,大港里,中西區,西賢里,48,16
31,北區,正覺里,北區,成功里,58,52
32,北區,正覺里,永康區,甲頂里,58,262
33,北區,正覺里,北區,北門里,58,43
34,北區,正覺里,北區,華德里,58,62
35,北區,正覺里,北區,福德里,58,60
36,北區,正覺里,北區,大光里,58,46
37,北區,正覺里,北區,小北里,58,51
38,北區,大和里,安南區,海南里,47,138
39,北區,大和里,安南區,溪墘里,47,145
40,北區,大和里,安南區,幸福里,47,133
41,北區,大和里,北區,元美里,47,39
42,北區,大和里,北區,文元里,47,55
43,北區,成功里,安南區,溪頂里,52,148
44,北區,成功里,安南區,溪東里,52,147
45,北區,成功里,永康區,甲頂里,52,262
46,北區,成功里,北區,華德里,52,62
47,東區,大學里,東區,崇誨里,182,196
48,東區,大學里,東區,中西里,182,176
49,東區,大學里,東區,東明里,182,207
50,東區,大學里,東區,圍下里,182,180
51,東區,大學里,東區,東光里,182,205
52,東區,大學里,東區,小東里,182,188
53,東區,大學里,北區,東興里,182,57
54,東區,大學里,北區,仁愛里,182,37
55,安南區,青草里,安南區,城南里,153,116
56,安南區,青草里,安南區,砂崙里,153,150
57,安南區,青草里,安南區,城西里,153,118
58,仁德區,保安里,仁德區,上崙里,28,21
59,仁德區,保安里,仁德區,成功里,28,33
60,仁德區,保安里,仁德區,中洲里,28,22
61,仁德區,保安里,仁德區,文賢里,28,34
62,仁德區,保安里,仁德區,二行里,28,23
63,安南區,媽祖宮里,安南區,城北里,122,115
64,安南區,媽祖宮里,安南區,城南里,122,116
65,安南區,媽祖宮里,安南區,城中里,122,114
66,安南區,媽祖宮里,安南區,塩田里,122,119
67,安南區,媽祖宮里,安南區,淵中里,122,141
68,安南區,媽祖宮里,安南區,鹿耳里,122,156
69,安南區,媽祖宮里,安南區,淵西里,122,143
70,安南區,媽祖宮里,安南區,公塭里,122,108
71,安南區,媽祖宮里,安南區,南興里,122,110
72,歸仁區,許厝里,歸仁區,新厝里,226,224
73,歸仁區,許厝里,歸仁區,看西里,226,225
74,歸仁區,文化里,歸仁區,後市里,223,222
75,歸仁區,文化里,歸仁區,南保里,223,221
76,新營區,民生里,新營區,永平里,173,174
77,中西區,赤嵌里,中西區,永華里,17,10
78,中西區,赤嵌里,中西區,五條港里,17,0
79,中西區,赤嵌里,中西區,南美里,17,4
80,中西區,赤嵌里,中西區,城隍里,17,6
81,中西區,赤嵌里,北區,北華里,17,42
82,中西區,赤嵌里,北區,立人里,17,61
83,南區,大成里,南區,府南里,81,83
84,南區,大成里,南區,田寮里,81,97
85,南區,大成里,南區,明德里,81,93
86,南區,大成里,南區,新興里,81,91
87,南區,大成里,中西區,小西門里,81,8
88,南區,大成里,中西區,南門里,81,5
89,安南區,城北里,安南區,城中里,115,114
90,安南區,城北里,安南區,城東里,115,117
91,安南區,城北里,安南區,南興里,115,110
92,安南區,城南里,安南區,城中里,116,114
93,安南區,城南里,安南區,城東里,116,117
94,安南區,城南里,安南區,砂崙里,116,150
95,安南區,城南里,安南區,城西里,116,118
96,安南區,城南里,安南區,鹿耳里,116,156
97,中西區,法華里,東區,大同里,11,181
98,中西區,法華里,南區,新生里,11,90
99,中西區,法華里,南區,竹溪里,11,99
100,中西區,法華里,中西區,郡王里,11,18
101,安南區,海南里,安南區,國安里,138,113
102,安南區,海南里,安平區,金城里,138,169
103,安南區,海南里,安南區,塩田里,138,119
104,安南區,海南里,安南區,幸福里,138,133
105,安南區,海南里,中西區,西賢里,138,16
106,安南區,海南里,安平區,王城里,138,166
107,安南區,海南里,安南區,四草里,138,112
108,安南區,海南里,安南區,海西里,138,140
109,安南區,國安里,安南區,海佃里,113,137
110,安南區,國安里,安南區,塩田里,113,119
111,安南區,國安里,安南區,幸福里,113,133
112,安南區,國安里,安南區,海西里,113,140
113,安南區,溪心里,安南區,淵東里,146,142
114,安南區,溪心里,安南區,淵中里,146,141
115,安南區,溪心里,安南區,佃東里,146,106
116,安南區,溪心里,安南區,海西里,146,140
117,安南區,溪心里,安南區,原佃里,146,111
118,安南區,溪心里,安南區,海東里,146,139
119,安南區,淵東里,安南區,淵中里,142,141
120,安南區,淵東里,安南區,佃東里,142,106
121,安南區,淵東里,安南區,佃西里,142,107
122,安南區,淵東里,安南區,淵西里,142,143
123,安南區,城中里,安南區,城東里,114,117
124,安南區,城東里,安南區,學東里,117,123
125,安南區,城東里,安南區,砂崙里,117,150
126,安南區,城東里,安南區,南興里,117,110
127,安南區,學東里,安南區,砂崙里,123,150
128,安南區,學東里,安南區,南興里,123,110
129,新營區,忠政里,新營區,王公里,170,175
130,新營區,忠政里,新營區,民權里,170,172
131,新營區,王公里,新營區,新東里,175,171
132,新營區,王公里,新營區,民權里,175,172
133,永康區,東灣里,永康區,南灣里,256,239
134,永康區,東灣里,永康區,大灣里,256,245
135,永康區,東灣里,永康區,西灣里,256,268
136,永康區,東灣里,仁德區,太子里,256,31
137,永康區,南灣里,永康區,崑山里,239,248
138,永康區,南灣里,永康區,西灣里,239,268
139,永康區,南灣里,仁德區,太子里,239,31
140,永康區,崑山里,永康區,網寮里,248,264
141,永康區,崑山里,永康區,西灣里,248,268
142,永康區,崑山里,仁德區,太子里,248,31
143,永康區,崑山里,永康區,建國里,248,249
144,永康區,大灣里,永康區,西灣里,245,268
145,永康區,大灣里,永康區,北灣里,245,237
146,永康區,大灣里,永康區,北興里,245,238
147,永康區,五王里,永康區,大橋里,233,244
148,永康區,五王里,永康區,東橋里,233,255
149,永康區,五王里,永康區,三合里,233,228
150,永康區,五王里,永康區,二王里,233,232
151,永康區,五王里,永康區,六合里,233,235
152,永康區,五王里,永康區,中興里,233,230
153,永康區,安康里,永康區,西橋里,246,267
154,永康區,安康里,永康區,大橋里,246,244
155,永康區,安康里,永康區,六合里,246,235
156,永康區,西橋里,永康區,大橋里,267,244
157,永康區,西橋里,永康區,尚頂里,267,247
158,永康區,西橋里,永康區,甲頂里,267,262
159,永康區,西橋里,北區,元寶里,267,38
160,永康區,西橋里,北區,開元里,267,67
161,永康區,西橋里,北區,合興里,267,44
162,永康區,西橋里,永康區,六合里,267,235
163,永康區,網寮里,永康區,東橋里,264,255
164,永康區,網寮里,永康區,永康里,264,258
165,永康區,網寮里,永康區,西灣里,264,268
166,永康區,網寮里,永康區,復國里,264,250
167,永康區,網寮里,永康區,復華里,264,252
168,永康區,網寮里,永康區,二王里,264,232
169,永康區,網寮里,永康區,建國里,264,249
170,永康區,大橋里,永康區,東橋里,244,255
171,永康區,大橋里,永康區,尚頂里,244,247
172,永康區,大橋里,永康區,甲頂里,244,262
173,永康區,大橋里,永康區,六合里,244,235
174,永康區,東橋里,永康區,永康里,255,258
175,永康區,東橋里,永康區,正強里,255,257
176,永康區,東橋里,永康區,尚頂里,255,247
177,永康區,東橋里,永康區,二王里,255,232
178,永康區,東橋里,永康區,塩行里,255,243
179,永康區,東橋里,永康區,蔦松里,255,265
180,永康區,烏竹里,永康區,王行里,260,261
181,永康區,烏竹里,永康區,龍埔里,260,269
182,永康區,烏竹里,永康區,龍潭里,260,270
183,永康區,烏竹里,永康區,蔦松里,260,265
184,永康區,王行里,永康區,新樹里,261,254
185,永康區,王行里,永康區,龍潭里,261,270
186,永康區,王行里,永康區,三民里,261,229
187,永康區,王行里,永康區,蔦松里,261,265
188,東區,大智里,東區,崇文里,184,194
189,東區,大智里,仁德區,成功里,184,33
190,東區,大智里,仁德區,仁德里,184,25
191,東區,大智里,東區,德高里,184,200
192,東區,大智里,東區,東智里,184,208
193,東區,崇文里,東區,崇成里,194,193
194,東區,崇文里,東區,崇善里,194,190
195,東區,崇文里,東區,德高里,194,200
196,東區,崇文里,東區,東智里,194,208
197,東區,崇成里,東區,崇明里,193,195
198,東區,崇成里,東區,崇德里,193,192
199,東區,崇成里,東區,崇善里,193,190
200,東區,崇成里,東區,東智里,193,208
201,東區,崇明里,東區,大福里,195,185
202,東區,崇明里,東區,崇德里,195,192
203,東區,崇明里,東區,崇學里,195,191
204,東區,崇明里,東區,忠孝里,195,201
205,東區,崇明里,南區,大忠里,195,79
206,東區,崇明里,東區,東智里,195,208
207,東區,崇明里,南區,大恩里,195,80
208,東區,大福里,東區,大德里,185,183
209,東區,大福里,東區,忠孝里,185,201
210,東區,大福里,南區,大忠里,185,79
211,東區,大福里,南區,大林里,185,82
212,東區,大福里,南區,新生里,185,90
213,東區,崇德里,東區,崇學里,192,191
214,東區,崇德里,東區,崇善里,192,190
215,東區,崇德里,東區,忠孝里,192,201
216,東區,崇德里,東區,崇信里,192,189
217,東區,大德里,東區,路東里,183,218
218,東區,大德里,東區,忠孝里,183,201
219,東區,大德里,南區,新生里,183,90
220,東區,崇學里,東區,崇善里,191,190
221,東區,崇學里,東區,忠孝里,191,201
222,東區,崇學里,東區,崇信里,191,189
223,東區,崇學里,東區,德光里,191,199
224,東區,崇學里,東區,龍山里,191,220
225,東區,和平里,東區,崇善里,179,190
226,東區,和平里,東區,虎尾里,179,214
227,東區,和平里,東區,自強里,179,212
228,東區,和平里,仁德區,仁德里,179,25
229,東區,和平里,東區,仁和里,179,177
230,東區,崇善里,東區,崇信里,190,189
231,東區,崇善里,東區,自強里,190,212
232,東區,崇善里,東區,富強里,190,186
233,東區,崇善里,東區,德高里,190,200
234,東區,崇善里,東區,仁和里,190,177
235,東區,路東里,東區,忠孝里,218,201
236,東區,路東里,東區,泉南里,218,211
237,東區,路東里,東區,大同里,218,181
238,東區,路東里,南區,新生里,218,90
239,東區,虎尾里,東區,復興里,214,198
240,東區,虎尾里,東區,自強里,214,212
241,東區,虎尾里,仁德區,仁德里,214,25
242,東區,忠孝里,東區,德光里,201,199
243,東區,忠孝里,東區,龍山里,201,220
244,東區,忠孝里,東區,泉南里,201,211
245,東區,忠孝里,東區,大同里,201,181
246,東區,裕聖里,東區,復興里,216,198
247,東區,裕聖里,東區,文聖里,216,203
248,東區,裕聖里,仁德區,仁德里,216,25
249,東區,裕聖里,仁德區,一甲里,216,20
250,東區,崇信里,東區,德光里,189,199
251,東區,崇信里,東區,自強里,189,212
252,東區,崇信里,東區,富裕里,189,187
253,東區,崇信里,東區,龍山里,189,220
254,東區,崇信里,東區,富強里,189,186
255,東區,德光里,東區,龍山里,199,220
256,東區,德光里,東區,泉南里,199,211
257,東區,復興里,東區,自強里,198,212
258,東區,復興里,東區,文聖里,198,203
259,東區,復興里,仁德區,仁德里,198,25
260,東區,自強里,東區,文聖里,212,203
261,東區,自強里,東區,富強里,212,186
262,東區,自強里,東區,東聖里,212,209
263,東區,文聖里,東區,關聖里,203,219
264,東區,文聖里,東區,東聖里,203,209
265,東區,文聖里,仁德區,一甲里,203,20
266,東區,文聖里,仁德區,土庫里,203,29
267,東區,文聖里,仁德區,太子里,203,31
268,東區,富裕里,東區,龍山里,187,220
269,東區,富裕里,東區,新東里,187,204
270,東區,富裕里,東區,富強里,187,186
271,東區,富裕里,東區,裕農里,187,217
272,東區,龍山里,東區,新東里,220,204
273,東區,龍山里,東區,富強里,220,186
274,東區,龍山里,東區,泉南里,220,211
275,東區,龍山里,東區,東安里,220,206
276,東區,龍山里,東區,東門里,220,210
277,東區,龍山里,東區,中西里,220,176
278,東區,關聖里,東區,東聖里,219,209
279,東區,關聖里,東區,南聖里,219,178
280,東區,關聖里,仁德區,太子里,219,31
281,東區,新東里,東區,東安里,204,206
282,東區,新東里,東區,衛國里,204,215
283,東區,新東里,東區,裕農里,204,217
284,東區,新東里,東區,崇誨里,204,196
285,東區,新東里,東區,中西里,204,176
286,東區,富強里,東區,東聖里,186,209
287,東區,富強里,東區,裕農里,186,217
288,東區,富強里,東區,東光里,186,205
289,東區,富強里,東區,後甲里,186,197
290,東區,泉南里,東區,大同里,211,181
291,東區,泉南里,東區,東門里,211,210
292,東區,東聖里,東區,南聖里,209,178
293,東區,東聖里,東區,東光里,209,205
294,東區,東聖里,東區,後甲里,209,197
295,東區,東安里,東區,衛國里,206,215
296,東區,東安里,東區,中西里,206,176
297,東區,大同里,東區,東門里,181,210
298,東區,大同里,南區,新生里,181,90
299,東區,大同里,中西區,郡王里,181,18
300,東區,大同里,中西區,開山里,181,19
301,東區,衛國里,東區,崇誨里,215,196
302,東區,衛國里,東區,中西里,215,176
303,東區,裕農里,東區,崇誨里,217,196
304,東區,裕農里,東區,東明里,217,207
305,東區,裕農里,東區,東光里,217,205
306,東區,南聖里,東區,後甲里,178,197
307,東區,南聖里,仁德區,太子里,178,31
308,東區,崇誨里,東區,中西里,196,176
309,東區,崇誨里,東區,東明里,196,207
310,東區,東門里,東區,中西里,210,176
311,東區,東門里,東區,圍下里,210,180
312,東區,東門里,中西區,城隍里,210,6
313,東區,東門里,中西區,開山里,210,19
314,東區,中西里,東區,圍下里,176,180
315,東區,東明里,東區,東光里,207,205
316,東區,圍下里,中西區,城隍里,180,6
317,東區,東光里,東區,後甲里,205,197
318,東區,東光里,東區,莊敬里,205,213
319,東區,東光里,東區,小東里,205,188
320,東區,後甲里,東區,莊敬里,197,213
321,東區,後甲里,永康區,復興里,197,251
322,東區,後甲里,仁德區,太子里,197,31
323,東區,後甲里,永康區,勝利里,197,236
324,東區,後甲里,永康區,建國里,197,249
325,東區,後甲里,永康區,中華里,197,231
326,東區,莊敬里,東區,小東里,213,188
327,東區,莊敬里,北區,東興里,213,57
328,東區,莊敬里,永康區,勝利里,213,236
329,東區,小東里,北區,東興里,188,57
330,南區,佛壇里,南區,松安里,69,95
331,南區,佛壇里,南區,同安里,69,74
332,南區,松安里,南區,永寧里,95,96
333,南區,松安里,南區,同安里,95,74
334,南區,永寧里,南區,省躬里,96,98
335,南區,永寧里,南區,同安里,96,74
336,南區,永寧里,南區,興農里,96,100
337,南區,喜南里,南區,喜東里,76,77
338,南區,喜南里,南區,喜北里,76,75
339,南區,喜南里,南區,省躬里,76,98
340,南區,喜東里,南區,喜北里,77,75
341,南區,喜東里,南區,南都里,77,73
342,南區,喜東里,南區,建南里,77,85
343,南區,喜東里,南區,省躬里,77,98
344,南區,喜東里,仁德區,成功里,77,33
345,南區,喜東里,南區,大恩里,77,80
346,南區,喜北里,南區,南都里,75,73
347,南區,喜北里,南區,鯤鯓里,75,104
348,南區,南都里,南區,南華里,73,72
349,南區,南都里,南區,建南里,73,85
350,南區,南都里,南區,明興里,73,94
351,南區,南都里,南區,鯤鯓里,73,104
352,南區,南華里,南區,建南里,72,85
353,南區,南華里,南區,明興里,72,94
354,南區,南華里,南區,開南里,72,103
355,南區,南華里,南區,鯤鯓里,72,104
356,南區,南華里,南區,彰南里,72,86
357,南區,南華里,南區,鹽埕里,72,105
358,南區,建南里,南區,明興里,85,94
359,南區,建南里,南區,郡南里,85,101
360,南區,建南里,南區,明德里,85,93
361,南區,建南里,南區,大恩里,85,80
362,南區,明興里,南區,郡南里,94,101
363,南區,明興里,南區,明亮里,94,92
364,南區,明興里,南區,鹽埕里,94,105
365,南區,郡南里,南區,明亮里,101,92
366,南區,郡南里,南區,府南里,101,83
367,南區,郡南里,南區,明德里,101,93
368,南區,開南里,南區,鯤鯓里,103,104
369,南區,開南里,南區,光明里,103,70
370,南區,開南里,南區,彰南里,103,86
371,南區,開南里,南區,鹽埕里,103,105
372,南區,明亮里,南區,府南里,92,83
373,南區,明亮里,南區,鹽埕里,92,105
374,南區,鯤鯓里,南區,彰南里,104,86
375,南區,鯤鯓里,安平區,漁光里,104,165
376,南區,鯤鯓里,安平區,國平里,104,158
377,南區,大忠里,南區,大林里,79,82
378,南區,大忠里,南區,大恩里,79,80
379,南區,光明里,南區,國宅里,70,78
380,南區,光明里,南區,彰南里,70,86
381,南區,光明里,南區,鹽埕里,70,105
382,南區,府南里,南區,田寮里,83,97
383,南區,府南里,南區,明德里,83,93
384,南區,府南里,南區,鹽埕里,83,105
385,南區,大林里,南區,新生里,82,90
386,南區,大林里,南區,竹溪里,82,99
387,南區,大林里,南區,明德里,82,93
388,南區,大林里,南區,大恩里,82,80
389,南區,國宅里,南區,田寮里,78,97
390,南區,國宅里,南區,再興里,78,71
391,南區,國宅里,南區,彰南里,78,86
392,南區,國宅里,南區,金華里,78,102
393,南區,國宅里,南區,新興里,78,91
394,南區,國宅里,南區,鹽埕里,78,105
395,南區,田寮里,南區,新興里,97,91
396,南區,田寮里,南區,鹽埕里,97,105
397,南區,新生里,南區,竹溪里,90,99
398,南區,竹溪里,南區,明德里,99,93
399,南區,竹溪里,中西區,郡王里,99,18
400,南區,竹溪里,中西區,南門里,99,5
401,南區,明德里,南區,大恩里,93,80
402,南區,明德里,中西區,南門里,93,5
403,南區,再興里,南區,金華里,71,102
404,南區,再興里,南區,新興里,71,91
405,南區,再興里,南區,文南里,71,87
406,南區,再興里,南區,廣州里,71,84
407,南區,彰南里,南區,金華里,86,102
408,南區,彰南里,南區,文南里,86,87
409,南區,彰南里,安平區,國平里,86,158
410,南區,金華里,南區,文南里,102,87
411,南區,金華里,南區,廣州里,102,84
412,南區,新興里,南區,新昌里,91,89
413,南區,新興里,南區,廣州里,91,84
414,南區,新興里,南區,鹽埕里,91,105
415,南區,新興里,中西區,小西門里,91,8
416,南區,文南里,南區,廣州里,87,84
417,南區,文南里,南區,文華里,87,88
418,南區,文南里,安平區,文平里,87,164
419,南區,文南里,安平區,國平里,87,158
420,南區,文南里,中西區,大涼里,87,7
421,永康區,永康里,永康區,正強里,258,257
422,永康區,永康里,永康區,西灣里,258,268
423,永康區,永康里,永康區,二王里,258,232
424,永康區,永康里,永康區,龍埔里,258,269
425,永康區,永康里,永康區,永明里,258,259
426,永康區,永康里,永康區,北興里,258,238
427,永康區,永康里,永康區,龍潭里,258,270
428,永康區,永康里,永康區,埔園里,258,240
429,永康區,永康里,永康區,西勢里,258,266
430,永康區,正強里,永康區,塩行里,257,243
431,永康區,正強里,永康區,埔園里,257,240
432,永康區,正強里,永康區,蔦松里,257,265
433,安平區,漁光里,安平區,金城里,165,169
434,安平區,漁光里,安平區,國平里,165,158
435,安平區,漁光里,安平區,億載里,165,157
436,安平區,金城里,安平區,王城里,169,166
437,安平區,金城里,安平區,天妃里,169,159
438,安平區,金城里,安南區,四草里,169,112
439,安平區,金城里,安平區,億載里,169,157
440,永康區,尚頂里,安南區,溪北里,247,144
441,永康區,尚頂里,永康區,甲頂里,247,262
442,永康區,尚頂里,永康區,塩洲里,247,241
443,永康區,尚頂里,永康區,塩行里,247,243
444,永康區,尚頂里,安南區,安和里,247,124
445,南區,新昌里,南區,廣州里,89,84
446,南區,新昌里,中西區,小西門里,89,8
447,南區,新昌里,中西區,南廠里,89,3
448,南區,廣州里,南區,文華里,84,88
449,南區,廣州里,中西區,南廠里,84,3
450,南區,文華里,中西區,南廠里,88,3
451,南區,文華里,中西區,大涼里,88,7
452,安南區,溪頂里,安南區,溪東里,148,147
453,安南區,溪頂里,安南區,溪北里,148,144
454,安南區,溪頂里,永康區,甲頂里,148,262
455,安南區,溪頂里,北區,華德里,148,62
456,安南區,溪頂里,安南區,安西里,148,128
457,安南區,溪頂里,安南區,梅花里,148,136
458,安南區,海佃里,安南區,溪墘里,137,145
459,安南區,海佃里,安南區,幸福里,137,133
460,安南區,海佃里,安南區,海西里,137,140
461,安南區,海佃里,安南區,大安里,137,121
462,安南區,海佃里,安南區,海東里,137,139
463,安南區,溪東里,安南區,安富里,147,125
464,安南區,溪東里,北區,華德里,147,62
465,安南區,溪東里,安南區,安西里,147,128
466,安南區,溪東里,安南區,大安里,147,121
467,安南區,溪東里,安南區,梅花里,147,136
468,安南區,溪北里,永康區,甲頂里,144,262
469,安南區,溪北里,安南區,安東里,144,127
470,安南區,溪北里,安南區,安西里,144,128
471,安南區,溪北里,安南區,安和里,144,124
472,安南區,溪墘里,安南區,安富里,145,125
473,安南區,溪墘里,安南區,幸福里,145,133
474,安南區,溪墘里,北區,文元里,145,55
475,安南區,溪墘里,安南區,大安里,145,121
476,安南區,溪墘里,安南區,海東里,145,139
477,安南區,安富里,北區,華德里,125,62
478,安南區,安富里,北區,文元里,125,55
479,安南區,安富里,安南區,大安里,125,121
480,安南區,塩田里,安南區,四草里,119,112
481,安南區,塩田里,安南區,淵中里,119,141
482,安南區,塩田里,安南區,鹿耳里,119,156
483,安南區,塩田里,安南區,海西里,119,140
484,安南區,塩田里,安南區,淵西里,119,143
485,安南區,鳳凰里,安南區,頂安里,155,154
486,安南區,鳳凰里,安南區,原佃里,155,111
487,安南區,鳳凰里,安南區,海東里,155,139
488,安南區,鳳凰里,安南區,梅花里,155,136
489,安南區,公親里,安南區,佃東里,109,106
490,安南區,公親里,安南區,長安里,109,152
491,安平區,文平里,安平區,國平里,164,158
492,安平區,文平里,安平區,怡平里,164,163
493,安平區,文平里,安平區,建平里,164,162
494,安平區,文平里,中西區,大涼里,164,7
495,安平區,國平里,安平區,育平里,158,167
496,安平區,國平里,安平區,華平里,158,168
497,安平區,國平里,安平區,怡平里,158,163
498,安平區,國平里,安平區,建平里,158,162
499,安平區,國平里,安平區,億載里,158,157
500,安平區,國平里,安平區,平通里,158,161
501,安平區,育平里,安平區,億載里,167,157
502,安平區,育平里,安平區,平通里,167,161
503,安平區,華平里,安平區,怡平里,168,163
504,安平區,華平里,安平區,平安里,168,160
505,安平區,華平里,安平區,平通里,168,161
506,安平區,怡平里,安平區,建平里,163,162
507,安平區,怡平里,安平區,平安里,163,160
508,安平區,建平里,安平區,平安里,162,160
509,安平區,建平里,中西區,淺草里,162,12
510,安平區,建平里,中西區,大涼里,162,7
511,安南區,幸福里,北區,文元里,133,55
512,南區,省躬里,仁德區,成功里,98,33
513,南區,省躬里,南區,興農里,98,100
514,仁德區,上崙里,仁德區,後壁里,21,32
515,仁德區,上崙里,仁德區,新田里,21,35
516,仁德區,上崙里,仁德區,中洲里,21,22
517,仁德區,上崙里,仁德區,文賢里,21,34
518,仁德區,後壁里,仁德區,成功里,32,33
519,仁德區,後壁里,仁德區,仁德里,32,25
520,仁德區,後壁里,仁德區,新田里,32,35
521,仁德區,後壁里,仁德區,文賢里,32,34
522,仁德區,成功里,仁德區,仁和里,33,24
523,仁德區,成功里,仁德區,仁愛里,33,26
524,仁德區,成功里,仁德區,仁德里,33,25
525,仁德區,成功里,南區,興農里,33,100
526,仁德區,成功里,東區,東智里,33,208
527,仁德區,成功里,南區,大恩里,33,80
528,仁德區,成功里,仁德區,文賢里,33,34
529,仁德區,成功里,仁德區,二行里,33,23
530,仁德區,成功里,仁德區,大甲里,33,30
531,仁德區,仁和里,仁德區,仁愛里,24,26
532,仁德區,仁和里,東區,東智里,24,208
533,仁德區,仁愛里,東區,東智里,26,208
534,仁德區,仁愛里,南區,大恩里,26,80
535,仁德區,仁德里,仁德區,新田里,25,35
536,仁德區,仁德里,仁德區,一甲里,25,20
537,仁德區,仁德里,東區,德高里,25,200
538,仁德區,仁德里,東區,仁和里,25,177
539,仁德區,仁德里,仁德區,仁義里,25,27
540,新營區,民權里,新營區,永平里,172,174
541,仁德區,新田里,仁德區,仁義里,35,27
542,仁德區,一甲里,仁德區,仁義里,20,27
543,仁德區,一甲里,仁德區,土庫里,20,29
544,歸仁區,新厝里,歸仁區,辜厝里,224,227
545,歸仁區,新厝里,歸仁區,後市里,224,222
546,歸仁區,辜厝里,歸仁區,後市里,227,222
547,歸仁區,辜厝里,歸仁區,南保里,227,221
548,歸仁區,後市里,歸仁區,南保里,222,221
549,東區,德高里,東區,仁和里,200,177
550,永康區,西灣里,永康區,北興里,268,238
551,永康區,甲頂里,北區,開元里,262,67
552,永康區,甲頂里,北區,北門里,262,43
553,永康區,甲頂里,北區,永祥里,262,59
554,永康區,復興里,永康區,神洲里,251,263
555,永康區,復興里,永康區,復國里,251,250
556,永康區,復興里,永康區,光復里,251,234
557,永康區,復興里,永康區,建國里,251,249
558,永康區,復興里,永康區,中華里,251,231
559,永康區,神洲里,永康區,復國里,263,250
560,永康區,神洲里,永康區,中華里,263,231
561,永康區,神洲里,永康區,成功里,263,253
562,永康區,神洲里,永康區,中興里,263,230
563,永康區,復國里,永康區,三合里,250,228
564,永康區,復國里,永康區,復華里,250,252
565,永康區,復國里,永康區,建國里,250,249
566,永康區,復國里,永康區,中興里,250,230
567,永康區,三合里,永康區,復華里,228,252
568,永康區,三合里,永康區,二王里,228,232
569,永康區,三合里,永康區,中興里,228,230
570,永康區,復華里,永康區,二王里,252,232
571,南區,同安里,南區,興農里,74,100
572,南區,同安里,仁德區,大甲里,74,30
573,南區,興農里,仁德區,大甲里,100,30
574,北區,東興里,北區,重興里,57,64
575,北區,東興里,北區,仁愛里,57,37
576,北區,東興里,永康區,勝利里,57,236
577,北區,重興里,北區,力行里,64,41
578,北區,重興里,北區,合興里,64,44
579,北區,重興里,北區,仁愛里,64,37
580,北區,重興里,北區,振興里,64,54
581,北區,重興里,永康區,勝利里,64,236
582,北區,和順里,北區,文成里,45,56
583,北區,和順里,北區,成德里,45,53
584,北區,和順里,北區,北華里,45,42
585,北區,和順里,北區,長興里,45,66
586,北區,和順里,北區,雙安里,45,68
587,北區,和順里,北區,立人里,45,61
588,北區,力行里,北區,合興里,41,44
589,北區,力行里,永康區,勝利里,41,236
590,北區,力行里,永康區,六合里,41,235
591,北區,文成里,北區,成德里,56,53
592,北區,文成里,中西區,西和里,56,14
593,北區,文成里,北區,福德里,56,60
594,北區,文成里,北區,雙安里,56,68
595,北區,文成里,中西區,兌悅里,56,2
596,北區,文成里,北區,元美里,56,39
597,北區,元寶里,北區,開元里,38,67
598,北區,元寶里,北區,合興里,38,44
599,北區,元寶里,永康區,六合里,38,235
600,北區,開元里,北區,長勝里,67,65
601,北區,開元里,北區,大光里,67,46
602,北區,開元里,北區,合興里,67,44
603,北區,開元里,北區,振興里,67,54
604,北區,開元里,北區,永祥里,67,59
605,北區,成德里,北區,福德里,53,60
606,北區,成德里,北區,長興里,53,66
607,北區,成德里,北區,小北里,53,51
608,北區,成德里,北區,元美里,53,39
609,中西區,永華里,中西區,郡王里,10,18
610,中西區,永華里,中西區,南美里,10,4
611,中西區,永華里,中西區,城隍里,10,6
612,中西區,永華里,中西區,南門里,10,5
613,中西區,永華里,中西區,開山里,10,19
614,中西區,郡王里,中西區,南門里,18,5
615,中西區,郡王里,中西區,開山里,18,19
616,東區,東智里,南區,大恩里,208,80
617,中西區,西湖里,安平區,平安里,15,160
618,中西區,西湖里,中西區,西賢里,15,16
619,中西區,西湖里,中西區,西和里,15,14
620,中西區,西湖里,中西區,光賢里,15,1
621,安平區,平安里,中西區,西賢里,160,16
622,安平區,平安里,安平區,天妃里,160,159
623,安平區,平安里,中西區,西和里,160,14
624,安平區,平安里,中西區,淺草里,160,12
625,安平區,平安里,中西區,大涼里,160,7
626,安平區,平安里,安平區,平通里,160,161
627,中西區,西賢里,安平區,王城里,16,166
628,中西區,西賢里,安平區,天妃里,16,159
629,中西區,五條港里,中西區,南美里,0,4
630,中西區,五條港里,北區,北華里,0,42
631,中西區,五條港里,北區,立人里,0,61
632,中西區,五條港里,中西區,兌悅里,0,2
633,中西區,五條港里,中西區,淺草里,0,12
634,中西區,五條港里,中西區,藥王里,0,13
635,中西區,南美里,中西區,小西門里,4,8
636,中西區,南美里,中西區,淺草里,4,12
637,中西區,南美里,中西區,府前里,4,9
638,中西區,南美里,中西區,南門里,4,5
639,安平區,王城里,安平區,天妃里,166,159
640,安平區,天妃里,安平區,億載里,159,157
641,安平區,天妃里,安平區,平通里,159,161
642,中西區,城隍里,中西區,開山里,6,19
643,中西區,西和里,北區,雙安里,14,68
644,中西區,西和里,中西區,兌悅里,14,2
645,中西區,西和里,中西區,淺草里,14,12
646,中西區,西和里,中西區,藥王里,14,13
647,中西區,西和里,中西區,光賢里,14,1
648,北區,北門里,北區,大光里,43,46
649,北區,北門里,北區,永祥里,43,59
650,永康區,塩洲里,永康區,塩行里,241,243
651,永康區,塩洲里,永康區,塩興里,241,242
652,永康區,塩洲里,永康區,三民里,241,229
653,永康區,塩洲里,安南區,安和里,241,124
654,永康區,塩洲里,安南區,東和里,241,135
655,安南區,四草里,安南區,鹿耳里,112,156
656,安南區,安東里,安南區,新順里,127,134
657,安南區,安東里,安南區,安西里,127,128
658,安南區,安東里,安南區,安和里,127,124
659,安南區,安東里,安南區,安慶里,127,126
660,安南區,淵中里,安南區,海西里,141,140
661,安南區,淵中里,安南區,淵西里,141,143
662,安南區,城西里,安南區,鹿耳里,118,156
663,安南區,佃東里,安南區,佃西里,106,107
664,安南區,佃東里,安南區,原佃里,106,111
665,安南區,佃東里,安南區,長安里,106,152
666,安南區,新順里,安南區,安和里,134,124
667,安南區,新順里,安南區,安慶里,134,126
668,安南區,新順里,安南區,頂安里,134,154
669,安南區,新順里,安南區,安順里,134,129
670,安南區,新順里,安南區,總頭里,134,151
671,安南區,新順里,安南區,東和里,134,135
672,安南區,新順里,安南區,州南里,134,131
673,安南區,新順里,安南區,布袋里,134,132
674,永康區,新樹里,永康區,永明里,254,259
675,永康區,新樹里,永康區,龍潭里,254,270
676,永康區,新樹里,永康區,西勢里,254,266
677,永康區,塩行里,永康區,塩興里,243,242
678,永康區,塩行里,永康區,蔦松里,243,265
679,安南區,海西里,安南區,海東里,140,139
680,安南區,佃西里,安南區,淵西里,107,143
681,安南區,佃西里,安南區,公塭里,107,108
682,安南區,佃西里,安南區,南興里,107,110
683,永康區,龍埔里,永康區,龍潭里,269,270
684,永康區,龍埔里,永康區,埔園里,269,240
685,永康區,龍埔里,永康區,蔦松里,269,265
686,永康區,永明里,永康區,龍潭里,259,270
687,永康區,永明里,永康區,西勢里,259,266
688,北區,北華里,北區,長興里,42,66
689,北區,北華里,北區,立人里,42,61
690,北區,華德里,北區,福德里,62,60
691,北區,華德里,北區,元美里,62,39
692,北區,華德里,北區,文元里,62,55
693,北區,福德里,北區,小北里,60,51
694,北區,福德里,北區,元美里,60,39
695,北區,福德里,北區,文元里,60,55
696,北區,長勝里,北區,大興里,65,49
697,北區,長勝里,北區,大光里,65,46
698,北區,長勝里,北區,振興里,65,54
699,北區,長勝里,北區,永祥里,65,59
700,北區,長興里,北區,大興里,66,49
701,北區,長興里,北區,小北里,66,51
702,北區,長興里,北區,立人里,66,61
703,北區,大興里,北區,大光里,49,46
704,北區,大興里,北區,小北里,49,51
705,北區,大光里,北區,小北里,46,51
706,北區,大光里,北區,永祥里,46,59
707,北區,雙安里,北區,立人里,68,61
708,北區,雙安里,中西區,兌悅里,68,2
709,北區,立人里,中西區,兌悅里,61,2
710,中西區,小西門里,中西區,南廠里,8,3
711,中西區,小西門里,中西區,府前里,8,9
712,中西區,小西門里,中西區,南門里,8,5
713,中西區,兌悅里,中西區,藥王里,2,13
714,永康區,塩興里,永康區,三民里,242,229
715,永康區,塩興里,永康區,蔦松里,242,265
716,北區,元美里,北區,文元里,39,55
717,中西區,南廠里,中西區,府前里,3,9
718,中西區,南廠里,中西區,大涼里,3,7
719,中西區,淺草里,中西區,府前里,12,9
720,中西區,淺草里,中西區,大涼里,12,7
721,中西區,淺草里,中西區,藥王里,12,13
722,中西區,府前里,中西區,大涼里,9,7
723,北區,合興里,北區,仁愛里,44,37
724,北區,合興里,北區,振興里,44,54
725,北區,合興里,永康區,六合里,44,235
726,永康區,北灣里,永康區,北興里,237,238
727,永康區,北灣里,永康區,西勢里,237,266
728,永康區,北興里,永康區,西勢里,238,266
729,永康區,埔園里,永康區,蔦松里,240,265
730,永康區,三民里,安南區,東和里,229,135
731,永康區,三民里,永康區,蔦松里,229,265
732,北區,仁愛里,北區,振興里,37,54
733,仁德區,二行里,仁德區,大甲里,23,30
734,仁德區,土庫里,仁德區,太子里,29,31
735,仁德區,太子里,永康區,建國里,31,249
736,安南區,安西里,安南區,安和里,128,124
737,安南區,安西里,安南區,安慶里,128,126
738,安南區,安西里,安南區,頂安里,128,154
739,安南區,安西里,安南區,梅花里,128,136
740,安南區,大安里,安南區,海東里,121,139
741,安南區,大安里,安南區,理想里,121,149
742,安南區,大安里,安南區,梅花里,121,136
743,安南區,安和里,安南區,東和里,124,135
744,安南區,安慶里,安南區,頂安里,126,154
745,安南區,頂安里,安南區,總頭里,154,151
746,安南區,頂安里,安南區,原佃里,154,111
747,安南區,頂安里,安南區,梅花里,154,136
748,安南區,安順里,安南區,東和里,129,135
749,安南區,安順里,安南區,州南里,129,131
750,安南區,總頭里,安南區,原佃里,151,111
751,安南區,總頭里,安南區,長安里,151,152
752,安南區,總頭里,安南區,州南里,151,131
753,安南區,總頭里,安南區,布袋里,151,132
754,安南區,原佃里,安南區,長安里,111,152
755,安南區,原佃里,安南區,海東里,111,139
756,安南區,東和里,安南區,州南里,135,131
757,安南區,東和里,安南區,塭南里,135,120
758,永康區,光復里,永康區,建國里,234,249
759,永康區,勝利里,永康區,六合里,236,235
760,永康區,勝利里,永康區,中華里,236,231
761,永康區,勝利里,永康區,成功里,236,253
762,永康區,勝利里,永康區,中興里,236,230
763,永康區,六合里,永康區,中興里,235,230
764,安南區,淵西里,安南區,公塭里,143,108
765,安南區,長安里,安南區,布袋里,152,132
766,永康區,中華里,永康區,成功里,231,253
767,永康區,成功里,永康區,中興里,253,230
768,安南區,州南里,安南區,布袋里,131,132
769,安南區,州南里,安南區,州北里,131,130
770,安南區,州南里,安南區,塭南里,131,120
771,安南區,布袋里,安南區,州北里,132,130
772,安南區,州北里,安南區,塭南里,130,120
773,安南區,公塭里,安南區,南興里,108,110
774,安平區,億載里,安平區,平通里,157,161
775,安南區,海東里,安南區,理想里,139,149
776,安南區,海東里,安南區,梅花里,139,136
777,安南區,理想里,安南區,梅花里,149,136
778,北區,公園里,東區,成大里,40,202
779,北區,中樓里,東區,成大里,36,202
780,東區,大學里,東區,成大里,182,202
781,中西區,赤嵌里,東區,成大里,17,202
782,東區,中西里,東區,成大里,176,202
783,東區,圍下里,東區,成大里,180,202
784,中西區,城隍里,東區,成大里,6,202
785,北區,仁愛里,東區,成大里,37,202
786,北區,中樓里,北區,公園里,36,40
787,中西區,赤嵌里,北區,公園里,17,40
788,北區,北華里,北區,公園里,42,40
789,北區,長興里,北區,公園里,66,40
790,北區,大興里,北區,公園里,49,40
791,北區,長勝里,北區,中樓里,65,36
792,北區,大興里,北區,中樓里,49,36
793,北區,仁愛里,北區,中樓里,37,36
794,北區,振興里,北區,中樓里,54,36
795,北區,大豐里,北區,賢北里,50,63
796,北區,大港里,北區,賢北里,48,63
797,中西區,西湖里,北區,賢北里,15,63
798,中西區,西賢里,北區,賢北里,16,63
799,北區,大港里,北區,大豐里,48,50
800,北區,大和里,北區,大豐里,47,50
801,北區,文成里,北區,大豐里,56,50
802,中西區,西湖里,北區,大豐里,15,50
803,中西區,西和里,北區,大豐里,14,50
804,北區,元美里,北區,大豐里,39,50
805,中西區,光賢里,北區,大豐里,1,50
806,北區,大和里,北區,大港里,47,48
807,安南區,海南里,北區,大港里,138,48
808,中西區,西賢里,北區,大港里,16,48
809,北區,成功里,北區,正覺里,52,58
810,永康區,甲頂里,北區,正覺里,262,58
811,北區,北門里,北區,正覺里,43,58
812,北區,華德里,北區,正覺里,62,58
813,北區,福德里,北區,正覺里,60,58
814,北區,大光里,北區,正覺里,46,58
815,北區,小北里,北區,正覺里,51,58
816,安南區,海南里,北區,大和里,138,47
817,安南區,溪墘里,北區,大和里,145,47
818,安南區,幸福里,北區,大和里,133,47
819,北區,元美里,北區,大和里,39,47
820,北區,文元里,北區,大和里,55,47
821,安南區,溪頂里,北區,成功里,148,52
822,安南區,溪東里,北區,成功里,147,52
823,永康區,甲頂里,北區,成功里,262,52
824,北區,華德里,北區,成功里,62,52
825,東區,崇誨里,東區,大學里,196,182
826,東區,中西里,東區,大學里,176,182
827,東區,東明里,東區,大學里,207,182
828,東區,圍下里,東區,大學里,180,182
829,東區,東光里,東區,大學里,205,182
830,東區,小東里,東區,大學里,188,182
831,北區,東興里,東區,大學里,57,182
832,北區,仁愛里,東區,大學里,37,182
833,安南區,城南里,安南區,青草里,116,153
834,安南區,砂崙里,安南區,青草里,150,153
835,安南區,城西里,安南區,青草里,118,153
836,仁德區,上崙里,仁德區,保安里,21,28
837,仁德區,成功里,仁德區,保安里,33,28
838,仁德區,中洲里,仁德區,保安里,22,28
839,仁德區,文賢里,仁德區,保安里,34,28
840,仁德區,二行里,仁德區,保安里,23,28
841,安南區,城北里,安南區,媽祖宮里,115,122
842,安南區,城南里,安南區,媽祖宮里,116,122
843,安南區,城中里,安南區,媽祖宮里,114,122
844,安南區,塩田里,安南區,媽祖宮里,119,122
845,安南區,淵中里,安南區,媽祖宮里,141,122
846,安南區,鹿耳里,安南區,媽祖宮里,156,122
847,安南區,淵西里,安南區,媽祖宮里,143,122
848,安南區,公塭里,安南區,媽祖宮里,108,122
849,安南區,南興里,安南區,媽祖宮里,110,122
850,歸仁區,新厝里,歸仁區,許厝里,224,226
851,歸仁區,看西里,歸仁區,許厝里,225,226
852,歸仁區,後市里,歸仁區,文化里,222,223
853,歸仁區,南保里,歸仁區,文化里,221,223
854,新營區,永平里,新營區,民生里,174,173
855,中西區,永華里,中西區,赤嵌里,10,17
856,中西區,五條港里,中西區,赤嵌里,0,17
857,中西區,南美里,中西區,赤嵌里,4,17
858,中西區,城隍里,中西區,赤嵌里,6,17
859,北區,北華里,中西區,赤嵌里,42,17
860,北區,立人里,中西區,赤嵌里,61,17
861,南區,府南里,南區,大成里,83,81
862,南區,田寮里,南區,大成里,97,81
863,南區,明德里,南區,大成里,93,81
864,南區,新興里,南區,大成里,91,81
865,中西區,小西門里,南區,大成里,8,81
866,中西區,南門里,南區,大成里,5,81
867,安南區,城中里,安南區,城北里,114,115
868,安南區,城東里,安南區,城北里,117,115
869,安南區,南興里,安南區,城北里,110,115
870,安南區,城中里,安南區,城南里,114,116
871,安南區,城東里,安南區,城南里,117,116
872,安南區,砂崙里,安南區,城南里,150,116
873,安南區,城西里,安南區,城南里,118,116
874,安南區,鹿耳里,安南區,城南里,156,116
875,東區,大同里,中西區,法華里,181,11
876,南區,新生里,中西區,法華里,90,11
877,南區,竹溪里,中西區,法華里,99,11
878,中西區,郡王里,中西區,法華里,18,11
879,安南區,國安里,安南區,海南里,113,138
880,安平區,金城里,安南區,海南里,169,138
881,安南區,塩田里,安南區,海南里,119,138
882,安南區,幸福里,安南區,海南里,133,138
883,中西區,西賢里,安南區,海南里,16,138
884,安平區,王城里,安南區,海南里,166,138
885,安南區,四草里,安南區,海南里,112,138
886,安南區,海西里,安南區,海南里,140,138
887,安南區,海佃里,安南區,國安里,137,113
888,安南區,塩田里,安南區,國安里,119,113
889,安南區,幸福里,安南區,國安里,133,113
890,安南區,海西里,安南區,國安里,140,113
891,安南區,淵東里,安南區,溪心里,142,146
892,安南區,淵中里,安南區,溪心里,141,146
893,安南區,佃東里,安南區,溪心里,106,146
894,安南區,海西里,安南區,溪心里,140,146
895,安南區,原佃里,安南區,溪心里,111,146
896,安南區,海東里,安南區,溪心里,139,146
897,安南區,淵中里,安南區,淵東里,141,142
898,安南區,佃東里,安南區,淵東里,106,142
899,安南區,佃西里,安南區,淵東里,107,142
900,安南區,淵西里,安南區,淵東里,143,142
901,安南區,城東里,安南區,城中里,117,114
902,安南區,學東里,安南區,城東里,123,117
903,安南區,砂崙里,安南區,城東里,150,117
904,安南區,南興里,安南區,城東里,110,117
905,安南區,砂崙里,安南區,學東里,150,123
906,安南區,南興里,安南區,學東里,110,123
907,新營區,王公里,新營區,忠政里,175,170
908,新營區,民權里,新營區,忠政里,172,170
909,新營區,新東里,新營區,王公里,171,175
910,新營區,民權里,新營區,王公里,172,175
911,永康區,南灣里,永康區,東灣里,239,256
912,永康區,大灣里,永康區,東灣里,245,256
913,永康區,西灣里,永康區,東灣里,268,256
914,仁德區,太子里,永康區,東灣里,31,256
915,永康區,崑山里,永康區,南灣里,248,239
916,永康區,西灣里,永康區,南灣里,268,239
917,仁德區,太子里,永康區,南灣里,31,239
918,永康區,網寮里,永康區,崑山里,264,248
919,永康區,西灣里,永康區,崑山里,268,248
920,仁德區,太子里,永康區,崑山里,31,248
921,永康區,建國里,永康區,崑山里,249,248
922,永康區,西灣里,永康區,大灣里,268,245
923,永康區,北灣里,永康區,大灣里,237,245
924,永康區,北興里,永康區,大灣里,238,245
925,永康區,大橋里,永康區,五王里,244,233
926,永康區,東橋里,永康區,五王里,255,233
927,永康區,三合里,永康區,五王里,228,233
928,永康區,二王里,永康區,五王里,232,233
929,永康區,六合里,永康區,五王里,235,233
930,永康區,中興里,永康區,五王里,230,233
931,永康區,西橋里,永康區,安康里,267,246
932,永康區,大橋里,永康區,安康里,244,246
933,永康區,六合里,永康區,安康里,235,246
934,永康區,大橋里,永康區,西橋里,244,267
935,永康區,尚頂里,永康區,西橋里,247,267
936,永康區,甲頂里,永康區,西橋里,262,267
937,北區,元寶里,永康區,西橋里,38,267
938,北區,開元里,永康區,西橋里,67,267
939,北區,合興里,永康區,西橋里,44,267
940,永康區,六合里,永康區,西橋里,235,267
941,永康區,東橋里,永康區,網寮里,255,264
942,永康區,永康里,永康區,網寮里,258,264
943,永康區,西灣里,永康區,網寮里,268,264
944,永康區,復國里,永康區,網寮里,250,264
945,永康區,復華里,永康區,網寮里,252,264
946,永康區,二王里,永康區,網寮里,232,264
947,永康區,建國里,永康區,網寮里,249,264
948,永康區,東橋里,永康區,大橋里,255,244
949,永康區,尚頂里,永康區,大橋里,247,244
950,永康區,甲頂里,永康區,大橋里,262,244
951,永康區,六合里,永康區,大橋里,235,244
952,永康區,永康里,永康區,東橋里,258,255
953,永康區,正強里,永康區,東橋里,257,255
954,永康區,尚頂里,永康區,東橋里,247,255
955,永康區,二王里,永康區,東橋里,232,255
956,永康區,塩行里,永康區,東橋里,243,255
957,永康區,蔦松里,永康區,東橋里,265,255
958,永康區,王行里,永康區,烏竹里,261,260
959,永康區,龍埔里,永康區,烏竹里,269,260
960,永康區,龍潭里,永康區,烏竹里,270,260
961,永康區,蔦松里,永康區,烏竹里,265,260
962,永康區,新樹里,永康區,王行里,254,261
963,永康區,龍潭里,永康區,王行里,270,261
964,永康區,三民里,永康區,王行里,229,261
965,永康區,蔦松里,永康區,王行里,265,261
966,東區,崇文里,東區,大智里,194,184
967,仁德區,成功里,東區,大智里,33,184
968,仁德區,仁德里,東區,大智里,25,184
969,東區,德高里,東區,大智里,200,184
970,東區,東智里,東區,大智里,208,184
971,東區,崇成里,東區,崇文里,193,194
972,東區,崇善里,東區,崇文里,190,194
973,東區,德高里,東區,崇文里,200,194
974,東區,東智里,東區,崇文里,208,194
975,東區,崇明里,東區,崇成里,195,193
976,東區,崇德里,東區,崇成里,192,193
977,東區,崇善里,東區,崇成里,190,193
978,東區,東智里,東區,崇成里,208,193
979,東區,大福里,東區,崇明里,185,195
980,東區,崇德里,東區,崇明里,192,195
981,東區,崇學里,東區,崇明里,191,195
982,東區,忠孝里,東區,崇明里,201,195
983,南區,大忠里,東區,崇明里,79,195
984,東區,東智里,東區,崇明里,208,195
985,南區,大恩里,東區,崇明里,80,195
986,東區,大德里,東區,大福里,183,185
987,東區,忠孝里,東區,大福里,201,185
988,南區,大忠里,東區,大福里,79,185
989,南區,大林里,東區,大福里,82,185
990,南區,新生里,東區,大福里,90,185
991,東區,崇學里,東區,崇德里,191,192
992,東區,崇善里,東區,崇德里,190,192
993,東區,忠孝里,東區,崇德里,201,192
994,東區,崇信里,東區,崇德里,189,192
995,東區,路東里,東區,大德里,218,183
996,東區,忠孝里,東區,大德里,201,183
997,南區,新生里,東區,大德里,90,183
998,東區,崇善里,東區,崇學里,190,191
999,東區,忠孝里,東區,崇學里,201,191
1000,東區,崇信里,東區,崇學里,189,191
1001,東區,德光里,東區,崇學里,199,191
1002,東區,龍山里,東區,崇學里,220,191
1003,東區,崇善里,東區,和平里,190,179
1004,東區,虎尾里,東區,和平里,214,179
1005,東區,自強里,東區,和平里,212,179
1006,仁德區,仁德里,東區,和平里,25,179
1007,東區,仁和里,東區,和平里,177,179
1008,東區,崇信里,東區,崇善里,189,190
1009,東區,自強里,東區,崇善里,212,190
1010,東區,富強里,東區,崇善里,186,190
1011,東區,德高里,東區,崇善里,200,190
1012,東區,仁和里,東區,崇善里,177,190
1013,東區,忠孝里,東區,路東里,201,218
1014,東區,泉南里,東區,路東里,211,218
1015,東區,大同里,東區,路東里,181,218
1016,南區,新生里,東區,路東里,90,218
1017,東區,復興里,東區,虎尾里,198,214
1018,東區,自強里,東區,虎尾里,212,214
1019,仁德區,仁德里,東區,虎尾里,25,214
1020,東區,德光里,東區,忠孝里,199,201
1021,東區,龍山里,東區,忠孝里,220,201
1022,東區,泉南里,東區,忠孝里,211,201
1023,東區,大同里,東區,忠孝里,181,201
1024,東區,復興里,東區,裕聖里,198,216
1025,東區,文聖里,東區,裕聖里,203,216
1026,仁德區,仁德里,東區,裕聖里,25,216
1027,仁德區,一甲里,東區,裕聖里,20,216
1028,東區,德光里,東區,崇信里,199,189
1029,東區,自強里,東區,崇信里,212,189
1030,東區,富裕里,東區,崇信里,187,189
1031,東區,龍山里,東區,崇信里,220,189
1032,東區,富強里,東區,崇信里,186,189
1033,東區,龍山里,東區,德光里,220,199
1034,東區,泉南里,東區,德光里,211,199
1035,東區,自強里,東區,復興里,212,198
1036,東區,文聖里,東區,復興里,203,198
1037,仁德區,仁德里,東區,復興里,25,198
1038,東區,文聖里,東區,自強里,203,212
1039,東區,富強里,東區,自強里,186,212
1040,東區,東聖里,東區,自強里,209,212
1041,東區,關聖里,東區,文聖里,219,203
1042,東區,東聖里,東區,文聖里,209,203
1043,仁德區,一甲里,東區,文聖里,20,203
1044,仁德區,土庫里,東區,文聖里,29,203
1045,仁德區,太子里,東區,文聖里,31,203
1046,東區,龍山里,東區,富裕里,220,187
1047,東區,新東里,東區,富裕里,204,187
1048,東區,富強里,東區,富裕里,186,187
1049,東區,裕農里,東區,富裕里,217,187
1050,東區,新東里,東區,龍山里,204,220
1051,東區,富強里,東區,龍山里,186,220
1052,東區,泉南里,東區,龍山里,211,220
1053,東區,東安里,東區,龍山里,206,220
1054,東區,東門里,東區,龍山里,210,220
1055,東區,中西里,東區,龍山里,176,220
1056,東區,東聖里,東區,關聖里,209,219
1057,東區,南聖里,東區,關聖里,178,219
1058,仁德區,太子里,東區,關聖里,31,219
1059,東區,東安里,東區,新東里,206,204
1060,東區,衛國里,東區,新東里,215,204
1061,東區,裕農里,東區,新東里,217,204
1062,東區,崇誨里,東區,新東里,196,204
1063,東區,中西里,東區,新東里,176,204
1064,東區,東聖里,東區,富強里,209,186
1065,東區,裕農里,東區,富強里,217,186
1066,東區,東光里,東區,富強里,205,186
1067,東區,後甲里,東區,富強里,197,186
1068,東區,大同里,東區,泉南里,181,211
1069,東區,東門里,東區,泉南里,210,211
1070,東區,南聖里,東區,東聖里,178,209
1071,東區,東光里,東區,東聖里,205,209
1072,東區,後甲里,東區,東聖里,197,209
1073,東區,衛國里,東區,東安里,215,206
1074,東區,中西里,東區,東安里,176,206
1075,東區,東門里,東區,大同里,210,181
1076,南區,新生里,東區,大同里,90,181
1077,中西區,郡王里,東區,大同里,18,181
1078,中西區,開山里,東區,大同里,19,181
1079,東區,崇誨里,東區,衛國里,196,215
1080,東區,中西里,東區,衛國里,176,215
1081,東區,崇誨里,東區,裕農里,196,217
1082,東區,東明里,東區,裕農里,207,217
1083,東區,東光里,東區,裕農里,205,217
1084,東區,後甲里,東區,南聖里,197,178
1085,仁德區,太子里,東區,南聖里,31,178
1086,東區,中西里,東區,崇誨里,176,196
1087,東區,東明里,東區,崇誨里,207,196
1088,東區,中西里,東區,東門里,176,210
1089,東區,圍下里,東區,東門里,180,210
1090,中西區,城隍里,東區,東門里,6,210
1091,中西區,開山里,東區,東門里,19,210
1092,東區,圍下里,東區,中西里,180,176
1093,東區,東光里,東區,東明里,205,207
1094,中西區,城隍里,東區,圍下里,6,180
1095,東區,後甲里,東區,東光里,197,205
1096,東區,莊敬里,東區,東光里,213,205
1097,東區,小東里,東區,東光里,188,205
1098,東區,莊敬里,東區,後甲里,213,197
1099,永康區,復興里,東區,後甲里,251,197
1100,仁德區,太子里,東區,後甲里,31,197
1101,永康區,勝利里,東區,後甲里,236,197
1102,永康區,建國里,東區,後甲里,249,197
1103,永康區,中華里,東區,後甲里,231,197
1104,東區,小東里,東區,莊敬里,188,213
1105,北區,東興里,東區,莊敬里,57,213
1106,永康區,勝利里,東區,莊敬里,236,213
1107,北區,東興里,東區,小東里,57,188
1108,南區,松安里,南區,佛壇里,95,69
1109,南區,同安里,南區,佛壇里,74,69
1110,南區,永寧里,南區,松安里,96,95
1111,南區,同安里,南區,松安里,74,95
1112,南區,省躬里,南區,永寧里,98,96
1113,南區,同安里,南區,永寧里,74,96
1114,南區,興農里,南區,永寧里,100,96
1115,南區,喜東里,南區,喜南里,77,76
1116,南區,喜北里,南區,喜南里,75,76
1117,南區,省躬里,南區,喜南里,98,76
1118,南區,喜北里,南區,喜東里,75,77
1119,南區,南都里,南區,喜東里,73,77
1120,南區,建南里,南區,喜東里,85,77
1121,南區,省躬里,南區,喜東里,98,77
1122,仁德區,成功里,南區,喜東里,33,77
1123,南區,大恩里,南區,喜東里,80,77
1124,南區,南都里,南區,喜北里,73,75
1125,南區,鯤鯓里,南區,喜北里,104,75
1126,南區,南華里,南區,南都里,72,73
1127,南區,建南里,南區,南都里,85,73
1128,南區,明興里,南區,南都里,94,73
1129,南區,鯤鯓里,南區,南都里,104,73
1130,南區,建南里,南區,南華里,85,72
1131,南區,明興里,南區,南華里,94,72
1132,南區,開南里,南區,南華里,103,72
1133,南區,鯤鯓里,南區,南華里,104,72
1134,南區,彰南里,南區,南華里,86,72
1135,南區,鹽埕里,南區,南華里,105,72
1136,南區,明興里,南區,建南里,94,85
1137,南區,郡南里,南區,建南里,101,85
1138,南區,明德里,南區,建南里,93,85
1139,南區,大恩里,南區,建南里,80,85
1140,南區,郡南里,南區,明興里,101,94
1141,南區,明亮里,南區,明興里,92,94
1142,南區,鹽埕里,南區,明興里,105,94
1143,南區,明亮里,南區,郡南里,92,101
1144,南區,府南里,南區,郡南里,83,101
1145,南區,明德里,南區,郡南里,93,101
1146,南區,鯤鯓里,南區,開南里,104,103
1147,南區,光明里,南區,開南里,70,103
1148,南區,彰南里,南區,開南里,86,103
1149,南區,鹽埕里,南區,開南里,105,103
1150,南區,府南里,南區,明亮里,83,92
1151,南區,鹽埕里,南區,明亮里,105,92
1152,南區,彰南里,南區,鯤鯓里,86,104
1153,安平區,漁光里,南區,鯤鯓里,165,104
1154,安平區,國平里,南區,鯤鯓里,158,104
1155,南區,大林里,南區,大忠里,82,79
1156,南區,大恩里,南區,大忠里,80,79
1157,南區,國宅里,南區,光明里,78,70
1158,南區,彰南里,南區,光明里,86,70
1159,南區,鹽埕里,南區,光明里,105,70
1160,南區,田寮里,南區,府南里,97,83
1161,南區,明德里,南區,府南里,93,83
1162,南區,鹽埕里,南區,府南里,105,83
1163,南區,新生里,南區,大林里,90,82
1164,南區,竹溪里,南區,大林里,99,82
1165,南區,明德里,南區,大林里,93,82
1166,南區,大恩里,南區,大林里,80,82
1167,南區,田寮里,南區,國宅里,97,78
1168,南區,再興里,南區,國宅里,71,78
1169,南區,彰南里,南區,國宅里,86,78
1170,南區,金華里,南區,國宅里,102,78
1171,南區,新興里,南區,國宅里,91,78
1172,南區,鹽埕里,南區,國宅里,105,78
1173,南區,新興里,南區,田寮里,91,97
1174,南區,鹽埕里,南區,田寮里,105,97
1175,南區,竹溪里,南區,新生里,99,90
1176,南區,明德里,南區,竹溪里,93,99
1177,中西區,郡王里,南區,竹溪里,18,99
1178,中西區,南門里,南區,竹溪里,5,99
1179,南區,大恩里,南區,明德里,80,93
1180,中西區,南門里,南區,明德里,5,93
1181,南區,金華里,南區,再興里,102,71
1182,南區,新興里,南區,再興里,91,71
1183,南區,文南里,南區,再興里,87,71
1184,南區,廣州里,南區,再興里,84,71
1185,南區,金華里,南區,彰南里,102,86
1186,南區,文南里,南區,彰南里,87,86
1187,安平區,國平里,南區,彰南里,158,86
1188,南區,文南里,南區,金華里,87,102
1189,南區,廣州里,南區,金華里,84,102
1190,南區,新昌里,南區,新興里,89,91
1191,南區,廣州里,南區,新興里,84,91
1192,南區,鹽埕里,南區,新興里,105,91
1193,中西區,小西門里,南區,新興里,8,91
1194,南區,廣州里,南區,文南里,84,87
1195,南區,文華里,南區,文南里,88,87
1196,安平區,文平里,南區,文南里,164,87
1197,安平區,國平里,南區,文南里,158,87
1198,中西區,大涼里,南區,文南里,7,87
1199,永康區,正強里,永康區,永康里,257,258
1200,永康區,西灣里,永康區,永康里,268,258
1201,永康區,二王里,永康區,永康里,232,258
1202,永康區,龍埔里,永康區,永康里,269,258
1203,永康區,永明里,永康區,永康里,259,258
1204,永康區,北興里,永康區,永康里,238,258
1205,永康區,龍潭里,永康區,永康里,270,258
1206,永康區,埔園里,永康區,永康里,240,258
1207,永康區,西勢里,永康區,永康里,266,258
1208,永康區,塩行里,永康區,正強里,243,257
1209,永康區,埔園里,永康區,正強里,240,257
1210,永康區,蔦松里,永康區,正強里,265,257
1211,安平區,金城里,安平區,漁光里,169,165
1212,安平區,國平里,安平區,漁光里,158,165
1213,安平區,億載里,安平區,漁光里,157,165
1214,安平區,王城里,安平區,金城里,166,169
1215,安平區,天妃里,安平區,金城里,159,169
1216,安南區,四草里,安平區,金城里,112,169
1217,安平區,億載里,安平區,金城里,157,169
1218,安南區,溪北里,永康區,尚頂里,144,247
1219,永康區,甲頂里,永康區,尚頂里,262,247
1220,永康區,塩洲里,永康區,尚頂里,241,247
1221,永康區,塩行里,永康區,尚頂里,243,247
1222,安南區,安和里,永康區,尚頂里,124,247
1223,南區,廣州里,南區,新昌里,84,89
1224,中西區,小西門里,南區,新昌里,8,89
1225,中西區,南廠里,南區,新昌里,3,89
1226,南區,文華里,南區,廣州里,88,84
1227,中西區,南廠里,南區,廣州里,3,84
1228,中西區,南廠里,南區,文華里,3,88
1229,中西區,大涼里,南區,文華里,7,88
1230,安南區,溪東里,安南區,溪頂里,147,148
1231,安南區,溪北里,安南區,溪頂里,144,148
1232,永康區,甲頂里,安南區,溪頂里,262,148
1233,北區,華德里,安南區,溪頂里,62,148
1234,安南區,安西里,安南區,溪頂里,128,148
1235,安南區,梅花里,安南區,溪頂里,136,148
1236,安南區,溪墘里,安南區,海佃里,145,137
1237,安南區,幸福里,安南區,海佃里,133,137
1238,安南區,海西里,安南區,海佃里,140,137
1239,安南區,大安里,安南區,海佃里,121,137
1240,安南區,海東里,安南區,海佃里,139,137
1241,安南區,安富里,安南區,溪東里,125,147
1242,北區,華德里,安南區,溪東里,62,147
1243,安南區,安西里,安南區,溪東里,128,147
1244,安南區,大安里,安南區,溪東里,121,147
1245,安南區,梅花里,安南區,溪東里,136,147
1246,永康區,甲頂里,安南區,溪北里,262,144
1247,安南區,安東里,安南區,溪北里,127,144
1248,安南區,安西里,安南區,溪北里,128,144
1249,安南區,安和里,安南區,溪北里,124,144
1250,安南區,安富里,安南區,溪墘里,125,145
1251,安南區,幸福里,安南區,溪墘里,133,145
1252,北區,文元里,安南區,溪墘里,55,145
1253,安南區,大安里,安南區,溪墘里,121,145
1254,安南區,海東里,安南區,溪墘里,139,145
1255,北區,華德里,安南區,安富里,62,125
1256,北區,文元里,安南區,安富里,55,125
1257,安南區,大安里,安南區,安富里,121,125
1258,安南區,四草里,安南區,塩田里,112,119
1259,安南區,淵中里,安南區,塩田里,141,119
1260,安南區,鹿耳里,安南區,塩田里,156,119
1261,安南區,海西里,安南區,塩田里,140,119
1262,安南區,淵西里,安南區,塩田里,143,119
1263,安南區,頂安里,安南區,鳳凰里,154,155
1264,安南區,原佃里,安南區,鳳凰里,111,155
1265,安南區,海東里,安南區,鳳凰里,139,155
1266,安南區,梅花里,安南區,鳳凰里,136,155
1267,安南區,佃東里,安南區,公親里,106,109
1268,安南區,長安里,安南區,公親里,152,109
1269,安平區,國平里,安平區,文平里,158,164
1270,安平區,怡平里,安平區,文平里,163,164
1271,安平區,建平里,安平區,文平里,162,164
1272,中西區,大涼里,安平區,文平里,7,164
1273,安平區,育平里,安平區,國平里,167,158
1274,安平區,華平里,安平區,國平里,168,158
1275,安平區,怡平里,安平區,國平里,163,158
1276,安平區,建平里,安平區,國平里,162,158
1277,安平區,億載里,安平區,國平里,157,158
1278,安平區,平通里,安平區,國平里,161,158
1279,安平區,億載里,安平區,育平里,157,167
1280,安平區,平通里,安平區,育平里,161,167
1281,安平區,怡平里,安平區,華平里,163,168
1282,安平區,平安里,安平區,華平里,160,168
1283,安平區,平通里,安平區,華平里,161,168
1284,安平區,建平里,安平區,怡平里,162,163
1285,安平區,平安里,安平區,怡平里,160,163
1286,安平區,平安里,安平區,建平里,160,162
1287,中西區,淺草里,安平區,建平里,12,162
1288,中西區,大涼里,安平區,建平里,7,162
1289,北區,文元里,安南區,幸福里,55,133
1290,仁德區,成功里,南區,省躬里,33,98
1291,南區,興農里,南區,省躬里,100,98
1292,仁德區,後壁里,仁德區,上崙里,32,21
1293,仁德區,新田里,仁德區,上崙里,35,21
1294,仁德區,中洲里,仁德區,上崙里,22,21
1295,仁德區,文賢里,仁德區,上崙里,34,21
1296,仁德區,成功里,仁德區,後壁里,33,32
1297,仁德區,仁德里,仁德區,後壁里,25,32
1298,仁德區,新田里,仁德區,後壁里,35,32
1299,仁德區,文賢里,仁德區,後壁里,34,32
1300,仁德區,仁和里,仁德區,成功里,24,33
1301,仁德區,仁愛里,仁德區,成功里,26,33
1302,仁德區,仁德里,仁德區,成功里,25,33
1303,南區,興農里,仁德區,成功里,100,33
1304,東區,東智里,仁德區,成功里,208,33
1305,南區,大恩里,仁德區,成功里,80,33
1306,仁德區,文賢里,仁德區,成功里,34,33
1307,仁德區,二行里,仁德區,成功里,23,33
1308,仁德區,大甲里,仁德區,成功里,30,33
1309,仁德區,仁愛里,仁德區,仁和里,26,24
1310,東區,東智里,仁德區,仁和里,208,24
1311,東區,東智里,仁德區,仁愛里,208,26
1312,南區,大恩里,仁德區,仁愛里,80,26
1313,仁德區,新田里,仁德區,仁德里,35,25
1314,仁德區,一甲里,仁德區,仁德里,20,25
1315,東區,德高里,仁德區,仁德里,200,25
1316,東區,仁和里,仁德區,仁德里,177,25
1317,仁德區,仁義里,仁德區,仁德里,27,25
1318,新營區,永平里,新營區,民權里,174,172
1319,仁德區,仁義里,仁德區,新田里,27,35
1320,仁德區,仁義里,仁德區,一甲里,27,20
1321,仁德區,土庫里,仁德區,一甲里,29,20
1322,歸仁區,辜厝里,歸仁區,新厝里,227,224
1323,歸仁區,後市里,歸仁區,新厝里,222,224
1324,歸仁區,後市里,歸仁區,辜厝里,222,227
1325,歸仁區,南保里,歸仁區,辜厝里,221,227
1326,歸仁區,南保里,歸仁區,後市里,221,222
1327,東區,仁和里,東區,德高里,177,200
1328,永康區,北興里,永康區,西灣里,238,268
1329,北區,開元里,永康區,甲頂里,67,262
1330,北區,北門里,永康區,甲頂里,43,262
1331,北區,永祥里,永康區,甲頂里,59,262
1332,永康區,神洲里,永康區,復興里,263,251
1333,永康區,復國里,永康區,復興里,250,251
1334,永康區,光復里,永康區,復興里,234,251
1335,永康區,建國里,永康區,復興里,249,251
1336,永康區,中華里,永康區,復興里,231,251
1337,永康區,復國里,永康區,神洲里,250,263
1338,永康區,中華里,永康區,神洲里,231,263
1339,永康區,成功里,永康區,神洲里,253,263
1340,永康區,中興里,永康區,神洲里,230,263
1341,永康區,三合里,永康區,復國里,228,250
1342,永康區,復華里,永康區,復國里,252,250
1343,永康區,建國里,永康區,復國里,249,250
1344,永康區,中興里,永康區,復國里,230,250
1345,永康區,復華里,永康區,三合里,252,228
1346,永康區,二王里,永康區,三合里,232,228
1347,永康區,中興里,永康區,三合里,230,228
1348,永康區,二王里,永康區,復華里,232,252
1349,南區,興農里,南區,同安里,100,74
1350,仁德區,大甲里,南區,同安里,30,74
1351,仁德區,大甲里,南區,興農里,30,100
1352,北區,重興里,北區,東興里,64,57
1353,北區,仁愛里,北區,東興里,37,57
1354,永康區,勝利里,北區,東興里,236,57
1355,北區,力行里,北區,重興里,41,64
1356,北區,合興里,北區,重興里,44,64
1357,北區,仁愛里,北區,重興里,37,64
1358,北區,振興里,北區,重興里,54,64
1359,永康區,勝利里,北區,重興里,236,64
1360,北區,文成里,北區,和順里,56,45
1361,北區,成德里,北區,和順里,53,45
1362,北區,北華里,北區,和順里,42,45
1363,北區,長興里,北區,和順里,66,45
1364,北區,雙安里,北區,和順里,68,45
1365,北區,立人里,北區,和順里,61,45
1366,北區,合興里,北區,力行里,44,41
1367,永康區,勝利里,北區,力行里,236,41
1368,永康區,六合里,北區,力行里,235,41
1369,北區,成德里,北區,文成里,53,56
1370,中西區,西和里,北區,文成里,14,56
1371,北區,福德里,北區,文成里,60,56
1372,北區,雙安里,北區,文成里,68,56
1373,中西區,兌悅里,北區,文成里,2,56
1374,北區,元美里,北區,文成里,39,56
1375,北區,開元里,北區,元寶里,67,38
1376,北區,合興里,北區,元寶里,44,38
1377,永康區,六合里,北區,元寶里,235,38
1378,北區,長勝里,北區,開元里,65,67
1379,北區,大光里,北區,開元里,46,67
1380,北區,合興里,北區,開元里,44,67
1381,北區,振興里,北區,開元里,54,67
1382,北區,永祥里,北區,開元里,59,67
1383,北區,福德里,北區,成德里,60,53
1384,北區,長興里,北區,成德里,66,53
1385,北區,小北里,北區,成德里,51,53
1386,北區,元美里,北區,成德里,39,53
1387,中西區,郡王里,中西區,永華里,18,10
1388,中西區,南美里,中西區,永華里,4,10
1389,中西區,城隍里,中西區,永華里,6,10
1390,中西區,南門里,中西區,永華里,5,10
1391,中西區,開山里,中西區,永華里,19,10
1392,中西區,南門里,中西區,郡王里,5,18
1393,中西區,開山里,中西區,郡王里,19,18
1394,南區,大恩里,東區,東智里,80,208
1395,安平區,平安里,中西區,西湖里,160,15
1396,中西區,西賢里,中西區,西湖里,16,15
1397,中西區,西和里,中西區,西湖里,14,15
1398,中西區,光賢里,中西區,西湖里,1,15
1399,中西區,西賢里,安平區,平安里,16,160
1400,安平區,天妃里,安平區,平安里,159,160
1401,中西區,西和里,安平區,平安里,14,160
1402,中西區,淺草里,安平區,平安里,12,160
1403,中西區,大涼里,安平區,平安里,7,160
1404,安平區,平通里,安平區,平安里,161,160
1405,安平區,王城里,中西區,西賢里,166,16
1406,安平區,天妃里,中西區,西賢里,159,16
1407,中西區,南美里,中西區,五條港里,4,0
1408,北區,北華里,中西區,五條港里,42,0
1409,北區,立人里,中西區,五條港里,61,0
1410,中西區,兌悅里,中西區,五條港里,2,0
1411,中西區,淺草里,中西區,五條港里,12,0
1412,中西區,藥王里,中西區,五條港里,13,0
1413,中西區,小西門里,中西區,南美里,8,4
1414,中西區,淺草里,中西區,南美里,12,4
1415,中西區,府前里,中西區,南美里,9,4
1416,中西區,南門里,中西區,南美里,5,4
1417,安平區,天妃里,安平區,王城里,159,166
1418,安平區,億載里,安平區,天妃里,157,159
1419,安平區,平通里,安平區,天妃里,161,159
1420,中西區,開山里,中西區,城隍里,19,6
1421,北區,雙安里,中西區,西和里,68,14
1422,中西區,兌悅里,中西區,西和里,2,14
1423,中西區,淺草里,中西區,西和里,12,14
1424,中西區,藥王里,中西區,西和里,13,14
1425,中西區,光賢里,中西區,西和里,1,14
1426,北區,大光里,北區,北門里,46,43
1427,北區,永祥里,北區,北門里,59,43
1428,永康區,塩行里,永康區,塩洲里,243,241
1429,永康區,塩興里,永康區,塩洲里,242,241
1430,永康區,三民里,永康區,塩洲里,229,241
1431,安南區,安和里,永康區,塩洲里,124,241
1432,安南區,東和里,永康區,塩洲里,135,241
1433,安南區,鹿耳里,安南區,四草里,156,112
1434,安南區,新順里,安南區,安東里,134,127
1435,安南區,安西里,安南區,安東里,128,127
1436,安南區,安和里,安南區,安東里,124,127
1437,安南區,安慶里,安南區,安東里,126,127
1438,安南區,海西里,安南區,淵中里,140,141
1439,安南區,淵西里,安南區,淵中里,143,141
1440,安南區,鹿耳里,安南區,城西里,156,118
1441,安南區,佃西里,安南區,佃東里,107,106
1442,安南區,原佃里,安南區,佃東里,111,106
1443,安南區,長安里,安南區,佃東里,152,106
1444,安南區,安和里,安南區,新順里,124,134
1445,安南區,安慶里,安南區,新順里,126,134
1446,安南區,頂安里,安南區,新順里,154,134
1447,安南區,安順里,安南區,新順里,129,134
1448,安南區,總頭里,安南區,新順里,151,134
1449,安南區,東和里,安南區,新順里,135,134
1450,安南區,州南里,安南區,新順里,131,134
1451,安南區,布袋里,安南區,新順里,132,134
1452,永康區,永明里,永康區,新樹里,259,254
1453,永康區,龍潭里,永康區,新樹里,270,254
1454,永康區,西勢里,永康區,新樹里,266,254
1455,永康區,塩興里,永康區,塩行里,242,243
1456,永康區,蔦松里,永康區,塩行里,265,243
1457,安南區,海東里,安南區,海西里,139,140
1458,安南區,淵西里,安南區,佃西里,143,107
1459,安南區,公塭里,安南區,佃西里,108,107
1460,安南區,南興里,安南區,佃西里,110,107
1461,永康區,龍潭里,永康區,龍埔里,270,269
1462,永康區,埔園里,永康區,龍埔里,240,269
1463,永康區,蔦松里,永康區,龍埔里,265,269
1464,永康區,龍潭里,永康區,永明里,270,259
1465,永康區,西勢里,永康區,永明里,266,259
1466,北區,長興里,北區,北華里,66,42
1467,北區,立人里,北區,北華里,61,42
1468,北區,福德里,北區,華德里,60,62
1469,北區,元美里,北區,華德里,39,62
1470,北區,文元里,北區,華德里,55,62
1471,北區,小北里,北區,福德里,51,60
1472,北區,元美里,北區,福德里,39,60
1473,北區,文元里,北區,福德里,55,60
1474,北區,大興里,北區,長勝里,49,65
1475,北區,大光里,北區,長勝里,46,65
1476,北區,振興里,北區,長勝里,54,65
1477,北區,永祥里,北區,長勝里,59,65
1478,北區,大興里,北區,長興里,49,66
1479,北區,小北里,北區,長興里,51,66
1480,北區,立人里,北區,長興里,61,66
1481,北區,大光里,北區,大興里,46,49
1482,北區,小北里,北區,大興里,51,49
1483,北區,小北里,北區,大光里,51,46
1484,北區,永祥里,北區,大光里,59,46
1485,北區,立人里,北區,雙安里,61,68
1486,中西區,兌悅里,北區,雙安里,2,68
1487,中西區,兌悅里,北區,立人里,2,61
1488,中西區,南廠里,中西區,小西門里,3,8
1489,中西區,府前里,中西區,小西門里,9,8
1490,中西區,南門里,中西區,小西門里,5,8
1491,中西區,藥王里,中西區,兌悅里,13,2
1492,永康區,三民里,永康區,塩興里,229,242
1493,永康區,蔦松里,永康區,塩興里,265,242
1494,北區,文元里,北區,元美里,55,39
1495,中西區,府前里,中西區,南廠里,9,3
1496,中西區,大涼里,中西區,南廠里,7,3
1497,中西區,府前里,中西區,淺草里,9,12
1498,中西區,大涼里,中西區,淺草里,7,12
1499,中西區,藥王里,中西區,淺草里,13,12
1500,中西區,大涼里,中西區,府前里,7,9
1501,北區,仁愛里,北區,合興里,37,44
1502,北區,振興里,北區,合興里,54,44
1503,永康區,六合里,北區,合興里,235,44
1504,永康區,北興里,永康區,北灣里,238,237
1505,永康區,西勢里,永康區,北灣里,266,237
1506,永康區,西勢里,永康區,北興里,266,238
1507,永康區,蔦松里,永康區,埔園里,265,240
1508,安南區,東和里,永康區,三民里,135,229
1509,永康區,蔦松里,永康區,三民里,265,229
1510,北區,振興里,北區,仁愛里,54,37
1511,仁德區,大甲里,仁德區,二行里,30,23
1512,仁德區,太子里,仁德區,土庫里,31,29
1513,永康區,建國里,仁德區,太子里,249,31
1514,安南區,安和里,安南區,安西里,124,128
1515,安南區,安慶里,安南區,安西里,126,128
1516,安南區,頂安里,安南區,安西里,154,128
1517,安南區,梅花里,安南區,安西里,136,128
1518,安南區,海東里,安南區,大安里,139,121
1519,安南區,理想里,安南區,大安里,149,121
1520,安南區,梅花里,安南區,大安里,136,121
1521,安南區,東和里,安南區,安和里,135,124
1522,安南區,頂安里,安南區,安慶里,154,126
1523,安南區,總頭里,安南區,頂安里,151,154
1524,安南區,原佃里,安南區,頂安里,111,154
1525,安南區,梅花里,安南區,頂安里,136,154
1526,安南區,東和里,安南區,安順里,135,129
1527,安南區,州南里,安南區,安順里,131,129
1528,安南區,原佃里,安南區,總頭里,111,151
1529,安南區,長安里,安南區,總頭里,152,151
1530,安南區,州南里,安南區,總頭里,131,151
1531,安南區,布袋里,安南區,總頭里,132,151
1532,安南區,長安里,安南區,原佃里,152,111
1533,安南區,海東里,安南區,原佃里,139,111
1534,安南區,州南里,安南區,東和里,131,135
1535,安南區,塭南里,安南區,東和里,120,135
1536,永康區,建國里,永康區,光復里,249,234
1537,永康區,六合里,永康區,勝利里,235,236
1538,永康區,中華里,永康區,勝利里,231,236
1539,永康區,成功里,永康區,勝利里,253,236
1540,永康區,中興里,永康區,勝利里,230,236
1541,永康區,中興里,永康區,六合里,230,235
1542,安南區,公塭里,安南區,淵西里,108,143
1543,安南區,布袋里,安南區,長安里,132,152
1544,永康區,成功里,永康區,中華里,253,231
1545,永康區,中興里,永康區,成功里,230,253
1546,安南區,布袋里,安南區,州南里,132,131
1547,安南區,州北里,安南區,州南里,130,131
1548,安南區,塭南里,安南區,州南里,120,131
1549,安南區,州北里,安南區,布袋里,130,132
1550,安南區,塭南里,安南區,州北里,120,130
1551,安南區,南興里,安南區,公塭里,110,108
1552,安平區,平通里,安平區,億載里,161,157
1553,安南區,理想里,安南區,海東里,149,139
1554,安南區,梅花里,安南區,海東里,136,139
1555,安南區,梅花里,安南區,理想里,136,149
